{"paths":{},"types":[],"uuids":["ca/6KU2VlN/J3aHPx8Eqru","d608qFRoFHwbXd0Dap056i","61cyPdEfRN047sDK9rO0W5","d8HsitJHxOYqo801xBk8ev","e7p99VQWBAjqJqyabpv9Qe","b0LcidJydGm5T79SAMB8rp","ecpdLyjvZBwrvm+cedCcQy","5cO7kybDxGj4ipyMYdRYZB","33a+KxydNNiId+k/tGKp8A","56lfydCFRF3aZXTaL+C7Qz","5f5dyqtRNNxaFmVzYns6FZ","9bvaMerUlDyary99mJa6xp"],"scenes":{"db://assets/1.fire":0},"redirect":[6,0],"deps":["internal"],"packs":{"04d8468c7":[8,9,7,10,11,0],"074412a21":[2,5,1,3,4]},"name":"main","importBase":"import","nativeBase":"native","debug":false,"isZip":false,"encrypted":false,"versions":{"import":["04d8468c7","1f2ac","074412a21","d00d1"],"native":[2,"6d707",5,"39e6f",1,"d55c2",3,"cdbc9",4,"8889e"]}}