[1,["ecpdLyjvZBwrvm+cedCcQy","b0LcidJydGm5T79SAMB8rp","e7p99VQWBAjqJqyabpv9Qe","d608qFRoFHwbXd0Dap056i","61cyPdEfRN047sDK9rO0W5","d8HsitJHxOYqo801xBk8ev","33a+KxydNNiId+k/tGKp8A","56lfydCFRF3aZXTaL+C7Qz","5f5dyqtRNNxaFmVzYns6FZ","9bvaMerUlDyary99mJa6xp","5cO7kybDxGj4ipyMYdRYZB"],["node","_textureSetter","_spriteFrame","_parent","scene","_scrollView"],["cc.SpriteFrame",["cc.Node",["_name","_id","_components","_contentSize","_children","_trs","_parent","_anchorPoint"],1,9,5,2,7,1,5],["cc.Sprite",["_sizeMode","_type","node","_materials","_spriteFrame"],1,1,3,6],["cc.Widget",["_alignFlags","_top","_originalWidth","alignMode","_left","_originalHeight","node"],-3,1],["cc.Node",["_name","_objFlags","_active","_children","_components","_contentSize","_parent","_anchorPoint","_trs"],0,2,12,5,1,5,7],["cc.SceneAsset",["_name","asyncLoadAssets"],1],["cc.Node",["_name","_objFlags","_parent","_components","_contentSize","_anchorPoint","_trs"],1,1,2,5,5,7],["bc98bwC8tRFRqmtGnDvxigI",["node"],3,1],["cc.Canvas",["node","_designResolution"],3,1,5],["cc.Mask",["_enabled","_N$alphaThreshold","node","_materials"],1,1,3],["cc.Scene",["_name","_children","_anchorPoint","_trs"],2,2,5,7],["cc.Camera",["_clearFlags","_depth","node"],1,1],["cc.Scrollbar",["_N$direction","node","_N$handle"],2,1,1],["cc.ScrollView",["horizontal","brake","bounceDuration","_N$horizontalScrollBar","node","_N$content","_N$verticalScrollBar"],-1,1,1,1]],[[1,0,6,2,3,5,2],[2,1,0,2,3,4,3],[3,0,2,6,3],[5,0,1,3],[4,0,3,4,5,2],[4,0,1,2,6,3,4,5,7,8,4],[1,0,1,4,2,3,5,3],[1,0,4,2,3,7,5,2],[1,0,6,4,2,3,2],[1,0,6,2,2],[6,0,1,2,3,4,5,6,3],[2,2,3,4,1],[2,0,2,3,4,2],[2,1,0,2,3,3],[7,0,1],[8,0,1,1],[3,0,1,6,3],[3,3,0,4,5,6,5],[3,0,1,2,6,4],[9,0,1,2,3,3],[10,0,1,2,3,2],[11,0,1,2,3],[12,0,1,2,2],[13,0,1,2,3,4,5,6,5]],[[[{"name":"2","rect":[0,0,1920,1080],"offset":[0,0],"originalSize":[1920,1080],"capInsets":[0,0,0,0]}],[0],0,[0],[1],[1]],[[{"name":"1","rect":[0,0,1920,1080],"offset":[0,0],"originalSize":[1920,1080],"capInsets":[0,0,0,0]}],[0],0,[0],[1],[2]],[[{"name":"default_scrollbar_vertical","rect":[0,0,15,30],"offset":[0,0],"originalSize":[15,30],"capInsets":[4,10,4,10]}],[0],0,[0],[1],[3]],[[{"name":"default_scrollbar_vertical_bg","rect":[0,0,15,30],"offset":[0,0],"originalSize":[15,30],"capInsets":[4,10,4,10]}],[0],0,[0],[1],[4]],[[{"name":"default_panel","rect":[0,0,20,20],"offset":[0,0],"originalSize":[20,20],"capInsets":[6,6,6,6]}],[0],0,[0],[1],[5]],[[[3,"1",null],[4,"New ScrollView",[-4,-5],[[[1,1,0,-1,[8],9],-2,[14,-3]],4,1,4],[5,1920,1080]],[6,"Canvas","fe3o/8EJJGzr/uZTWwn3Gs",[-8,1],[[15,-6,[5,1920,1080]],[16,40,320,-7]],[5,1920,1080],[960,540,0,0,0,0,1,1,1,1]],[5,"scrollBar",512,false,1,[-12],[[-9,[17,0,37,350.07654921020657,237,-10],[1,1,0,-11,[6],7]],1,4,4],[5,12,250],[0,1,0.5],[120,0,0,0,0,0,1,1,1,1]],[7,"content",[-14,-15],[[18,40,540,1920,-13]],[5,1920,2160],[0,0.5,1],[0,540,0,0,0,0,1,1,1,1]],[8,"view",1,[4],[[19,false,0,-16,[1]]],[5,1920,1080]],[0,"2",4,[[11,-17,[2],3],[2,40,1920,-18]],[5,1920,1080],[0,-538.613,0,0,0,0,1,1,1,1]],[0,"1",4,[[12,0,-19,[4],5],[2,40,1920,-20]],[5,1920,1080],[0,-1618.613,0,0,0,0,1,1,1,1]],[20,"New Node",[2],[0,0,0],[0,0,0,0,0,0,1,1,1,1]],[9,"Main Camera",2,[[21,7,-1,-21]]],[10,"bar",512,3,[-22],[5,10,30],[0,1,0],[-1,0,0,0,0,0,1,1,1,1]],[13,1,0,10,[0]],[22,1,3,11],[23,false,0.75,0.23,null,1,4,12]],0,[0,0,1,0,-2,13,0,0,1,0,-1,3,0,-2,5,0,0,2,0,0,2,0,-1,9,0,-1,12,0,0,3,0,0,3,0,-1,10,0,0,4,0,-1,6,0,-2,7,0,0,5,0,0,6,0,0,6,0,0,7,0,0,7,0,0,9,0,-1,11,0,4,8,1,3,2,2,3,8,4,3,5,12,5,13,22],[0,0,0,0,0,0,0,0,0,0,11],[-1,-1,-1,2,-1,2,-1,2,-1,2,2],[0,0,0,6,0,7,0,8,0,9,10]]]]